In LightWin,In TraceWin,Units
``alpha_z``,:math:`\alpha_{zz'}`,:math:`1`
``alpha_zdelta``,:math:`\alpha_{z\delta}`,:math:`1`
``alpha_phiw``,:math:`\alpha_{\phi W}`,:math:`1`
``beta_z``,:math:`\beta_{zz'}`,:math:`\mathrm{mm}/(\pi.\mathrm{mrad})`
``beta_zdelta``,:math:`\beta_{z\delta}`,:math:`\mathrm{mm}/(\pi.\%)`
``beta_phiw``,:math:`\beta_{\phi W}`,:math:`\mathrm{deg}/(\pi.\mathrm{MeV})`
``gamma_z``,:math:`\gamma_{zz'}`,:math:`\mathrm{mrad}/(\pi.\mathrm{mm})`
``gamma_zdelta``,:math:`\gamma_{z\delta}`,:math:`\mathrm{\%}/(\pi.\mathrm{mm})`
``gamma_phiw``,:math:`\gamma_{\phi W}`,:math:`\mathrm{MeV}/(\pi.\mathrm{deg})`
